{"loss": [0.15804553031921387], "accuracy": [0.08609694242477417], "val_loss": [0.08554313331842422], "val_accuracy": [0.13671875]}